{"mse": 0.8094735613526742, "mae": 0.6956197100085568, "r2": 0.24370110447025228}